[
{
        "title":"Who invented c++?",
        "choices":[
            "Larry Wall",
"Anders Hejlsberg",
"Grace Hopper",
"John Backus",
"Bjarne Stroustrup"
        ],
        "correctAnswer":3
        },
    {
        "title":"When did the programming language C++ came out?",
        "choices":[
            1997,
            1995,
            2000,
            1998
        ],
        "correctAnswer":3
    },
    {
        "title":"When Node.js came out?",
        "choices":[
            2010,
            2011,
            2009,
            2006
        ],
        "correctAnswer":2
    },
    {
        "title":"What brand of laptop do I have?",
        "choices":[
            "HP",
            "Acer",
            "Dell",
            "Lenovo"
        ],
        "correctAnswer":0
    },
    {
        "title":"How old am I?",
        "choices":[
            12,
            20,
            9,
            16
        ],
        "correctAnswer":3
    },
       {
        "title":"When Node.js came out?",
        "choices":[
            2010,
            2011,
            2009,
            2006
        ],
        "correctAnswer":2
},


    {
      "title":" when program routines made?",
        "choices":[
            2017,
            2011,
            2009,
            2006
        ],
        "correctAnswer":2
    },
    {
      "title":" programming subroutines are?",
        "choices":[
            " fixed variables",
           " default constants",
            "default variables",
            "none"
        ],
        "correctAnswer":2
    },
    {
      "title":" How many types of representation are in string?",
        "choices":[
            1,
            2,
            3,
            4
        ],
        "correctAnswer":2
        },
        {
           "title":" Which is used to return the number of characters in the string?",
        "choices":[
            "length",
            "size",
            "both a and b",
            "none"
        ],
        "correctAnswer":2
        },
        {
           "title":"Which method do we use to append more than one character at a time?",
        "choices":[
            "append",
            "operator+",
            "data",
            "none"
        ],
        "correctAnswer":2
        },



        {
           "title":" EBNF is?",
        "choices":[
           " Extensible Book Notation Format",
"a replacement for the SAX XML parser",
"a syntax for defining grammar",
"the leader of the free software foundation"
],
        "correctAnswer":2
        },


        {
           "title":"RISC is?",
        "choices":[
        " a defensive programming style",
        "a web framework",
        "a threading library",
        "a CPU design strategy"
],
        "correctAnswer":2
        },


         {
           "title":"You could use XSLT to ...?",
        "choices":[
       "speed up database queries",
"encrypt passwords",
"transform XML into HTML",
"cache html pages"


],
        "correctAnswer":2
        },

        {
           "title":"n COMAL language programs, parameters after name of procedure must be put in?",
        "choices":[
       "punctuation marks",
"back-slash",
"brackets",
"insecure data"


],
        "correctAnswer":2
        },


        {
           "title":" In line in BASIC language,'Line 110' declares?",
        "choices":[
       "one-dimensional array",
       "two-dimensional array",
     "three-dimension array",
     "multi-dimension array"
],
        "correctAnswer":2
        },


        {
           "title":"  Programming language COBOL works best if used for?",
        "choices":[
      "household user interface",
"student applications",
"beginners",
"commercial applications"

],
        "correctAnswer":2
        },

         {
           "title":"Programming languages such as COMAL and Pascal allow subroutine which is classified as?",
        "choices":[
      "subroutine format",
"procedure",
"routine format",
"library format"
],
        "correctAnswer":2
        },

         {
           "title":"Program which is written originally by programmer is classified as?",
        "choices":[
      "object code",
"machine code",
"source program",
"interactive programs"
],
        "correctAnswer":2
        },

{
           "title":"Function which is used in stepwise refinement of program is classified?",
        "choices":[
      "routine format",
"library format",
"subroutine format",
"procedure"

],
        "correctAnswer":2
        }



]